{
  "model_file": "backtester/flip_shape_ensemble_model.json",
  "jsonl": [
    "data/btc_1s_pricesv2.jsonl",
    "data/btc_1s_pricesv3.jsonl"
  ],
  "eval_checkpoints": [
    20,
    30,
    40
  ],
  "test_samples": 151,
  "test_flip_rate": 0.033112582781456956,
  "baseline": {
    "n": 151.0,
    "avg": 0.07731624704335208,
    "total": 11.674753303546163,
    "win_rate": 0.9668874172185431,
    "std": 0.27389628881229877,
    "sharpe_like": 0.2822829304428324,
    "max_drawdown": 3.0,
    "avoid_rate": 0.0
  },
  "recommended": {
    "balanced": {
      "n": 136.0,
      "avg": 0.042453371335311726,
      "total": 5.7736585016023945,
      "win_rate": 0.9852941176470589,
      "std": 0.12191285776572953,
      "sharpe_like": 0.3482271854941755,
      "max_drawdown": 1.347470054985291,
      "threshold": 0.65,
      "gamma": 1.0,
      "avoid_rate": 0.09933774834437081
    },
    "defensive": {
      "n": 136.0,
      "avg": 0.028830514026339814,
      "total": 3.9209499075822145,
      "win_rate": 0.9852941176470589,
      "std": 0.08251153707189575,
      "sharpe_like": 0.3494119131633505,
      "max_drawdown": 0.9359576602858439,
      "threshold": 0.65,
      "gamma": 2.0,
      "avoid_rate": 0.09933774834437081
    },
    "aggressive": {
      "n": 136.0,
      "avg": 0.05281031011252421,
      "total": 7.182202175303293,
      "win_rate": 0.9852941176470589,
      "std": 0.1531037870362651,
      "sharpe_like": 0.3449314424862348,
      "max_drawdown": 1.635208642577747,
      "threshold": 0.65,
      "gamma": 0.5,
      "avoid_rate": 0.09933774834437081
    }
  },
  "top_by_total": [
    {
      "n": 136.0,
      "avg": 0.05281031011252421,
      "total": 7.182202175303293,
      "win_rate": 0.9852941176470589,
      "std": 0.1531037870362651,
      "sharpe_like": 0.3449314424862348,
      "max_drawdown": 1.635208642577747,
      "threshold": 0.65,
      "gamma": 0.5,
      "avoid_rate": 0.09933774834437081
    },
    {
      "n": 134.0,
      "avg": 0.049966648803974875,
      "total": 6.695530939732634,
      "win_rate": 0.9850746268656716,
      "std": 0.15002528206361843,
      "sharpe_like": 0.333054856599346,
      "max_drawdown": 1.635208642577747,
      "threshold": 0.6,
      "gamma": 0.5,
      "avoid_rate": 0.11258278145695366
    },
    {
      "n": 136.0,
      "avg": 0.048292306663971586,
      "total": 6.567753706300135,
      "win_rate": 0.9852941176470589,
      "std": 0.13935006550742252,
      "sharpe_like": 0.3465538856269808,
      "max_drawdown": 1.5119816258054088,
      "threshold": 0.65,
      "gamma": 0.7,
      "avoid_rate": 0.09933774834437081
    },
    {
      "n": 131.0,
      "avg": 0.04758473185235196,
      "total": 6.2335998726581066,
      "win_rate": 0.9847328244274809,
      "std": 0.14975620774551732,
      "sharpe_like": 0.31774797565128865,
      "max_drawdown": 1.635208642577747,
      "threshold": 0.55,
      "gamma": 0.5,
      "avoid_rate": 0.13245033112582782
    },
    {
      "n": 134.0,
      "avg": 0.046042680198397475,
      "total": 6.169719146585262,
      "win_rate": 0.9850746268656716,
      "std": 0.13737861231868292,
      "sharpe_like": 0.3351517344751623,
      "max_drawdown": 1.5119816258054088,
      "threshold": 0.6,
      "gamma": 0.7,
      "avoid_rate": 0.11258278145695366
    },
    {
      "n": 131.0,
      "avg": 0.04412214863652607,
      "total": 5.780001471384915,
      "win_rate": 0.9847328244274809,
      "std": 0.13745518263582984,
      "sharpe_like": 0.3209929796057391,
      "max_drawdown": 1.5119816258054088,
      "threshold": 0.55,
      "gamma": 0.7,
      "avoid_rate": 0.13245033112582782
    },
    {
      "n": 136.0,
      "avg": 0.042453371335311726,
      "total": 5.7736585016023945,
      "win_rate": 0.9852941176470589,
      "std": 0.12191285776572953,
      "sharpe_like": 0.3482271854941755,
      "max_drawdown": 1.347470054985291,
      "threshold": 0.65,
      "gamma": 1.0,
      "avoid_rate": 0.09933774834437081
    },
    {
      "n": 134.0,
      "avg": 0.04088992100407537,
      "total": 5.479249414546099,
      "win_rate": 0.9850746268656716,
      "std": 0.12103277450708552,
      "sharpe_like": 0.33784172238141646,
      "max_drawdown": 1.3474700549852905,
      "threshold": 0.6,
      "gamma": 1.0,
      "avoid_rate": 0.11258278145695366
    },
    {
      "n": 136.0,
      "avg": 0.039091604378850946,
      "total": 5.316458195523729,
      "win_rate": 0.9852941176470589,
      "std": 0.11203781578928605,
      "sharpe_like": 0.3489143741642739,
      "max_drawdown": 1.2497819558335492,
      "threshold": 0.65,
      "gamma": 1.2,
      "avoid_rate": 0.09933774834437081
    },
    {
      "n": 126.0,
      "avg": 0.04138759568426809,
      "total": 5.21483705621778,
      "win_rate": 0.9841269841269841,
      "std": 0.14550105106055933,
      "sharpe_like": 0.2844487746486592,
      "max_drawdown": 1.635208642577747,
      "threshold": 0.5,
      "gamma": 0.5,
      "avoid_rate": 0.16556291390728473
    },
    {
      "n": 131.0,
      "avg": 0.039520882836500223,
      "total": 5.17723565158153,
      "win_rate": 0.9847328244274809,
      "std": 0.12145146470355284,
      "sharpe_like": 0.32540474446286455,
      "max_drawdown": 1.3474700549852905,
      "threshold": 0.55,
      "gamma": 1.0,
      "avoid_rate": 0.13245033112582782
    },
    {
      "n": 134.0,
      "avg": 0.03787811445763906,
      "total": 5.075667337323634,
      "win_rate": 0.9850746268656716,
      "std": 0.11162063931171738,
      "sharpe_like": 0.3393468689232172,
      "max_drawdown": 1.2497819558335492,
      "threshold": 0.6,
      "gamma": 1.2,
      "avoid_rate": 0.11258278145695366
    },
    {
      "n": 123.0,
      "avg": 0.04081062349482582,
      "total": 5.019706689863576,
      "win_rate": 0.983739837398374,
      "std": 0.14666742341006045,
      "sharpe_like": 0.27825281542394964,
      "max_drawdown": 1.635208642577747,
      "threshold": 0.45,
      "gamma": 0.5,
      "avoid_rate": 0.1854304635761589
    },
    {
      "n": 126.0,
      "avg": 0.03888286866979595,
      "total": 4.89924145239429,
      "win_rate": 0.9841269841269841,
      "std": 0.13440725500707165,
      "sharpe_like": 0.2892914423983302,
      "max_drawdown": 1.5119816258054088,
      "threshold": 0.5,
      "gamma": 0.7,
      "avoid_rate": 0.16556291390728473
    },
    {
      "n": 131.0,
      "avg": 0.036800410350582013,
      "total": 4.820853755926244,
      "win_rate": 0.9847328244274809,
      "std": 0.1121811277907504,
      "sharpe_like": 0.32804457465631126,
      "max_drawdown": 1.2497819558335492,
      "threshold": 0.55,
      "gamma": 1.2,
      "avoid_rate": 0.13245033112582782
    },
    {
      "n": 119.0,
      "avg": 0.0397840420605398,
      "total": 4.7343010052042365,
      "win_rate": 0.9915966386554622,
      "std": 0.11931090921629592,
      "sharpe_like": 0.3334484861599391,
      "max_drawdown": 0.8901177772981259,
      "threshold": 0.4,
      "gamma": 0.5,
      "avoid_rate": 0.21192052980132448
    },
    {
      "n": 123.0,
      "avg": 0.038429177490856746,
      "total": 4.72678883137538,
      "win_rate": 0.983739837398374,
      "std": 0.13554000928431498,
      "sharpe_like": 0.2835264487126154,
      "max_drawdown": 1.5119816258054088,
      "threshold": 0.45,
      "gamma": 0.7,
      "avoid_rate": 0.1854304635761589
    },
    {
      "n": 136.0,
      "avg": 0.034711677491333755,
      "total": 4.720788138821391,
      "win_rate": 0.9852941176470589,
      "std": 0.09933502298400096,
      "sharpe_like": 0.34944047374836235,
      "max_drawdown": 1.1188938521915444,
      "threshold": 0.65,
      "gamma": 1.5,
      "avoid_rate": 0.09933774834437081
    },
    {
      "n": 134.0,
      "avg": 0.033900621123608976,
      "total": 4.542683230563603,
      "win_rate": 0.9850746268656716,
      "std": 0.09935283837162578,
      "sharpe_like": 0.3412144200330231,
      "max_drawdown": 1.1188938521915444,
      "threshold": 0.6,