{
  "feature_names": [
    "leader_price",
    "edge_to_settle",
    "abs_open_gap_pct",
    "vol_30s",
    "flip_rate_30s",
    "time_remaining_frac",
    "drift_10s_pct_of_open",
    "leader_is_up"
  ],
  "means": [
    0.8870247524752486,
    0.10297524752475254,
    0.000657404423532193,
    5.065327831227429e-05,
    0.0038921133492659634,
    0.21721452145214515,
    1.6036375431671564e-05,
    0.04950495049504951
  ],
  "stds": [
    0.06623026050920336,
    0.06623026050920333,
    0.00043263280049625735,
    2.6476559951689077e-05,
    0.011125259991629912,
    0.11289873558901485,
    0.00018569952246454146,
    0.9987738782509649
  ],
  "weights": [
    -0.296509307141473,
    0.29650930714143,
    2.6848293672191796,
    1.9519490829133979,
    -0.5554031788565467,
    -0.511140546328171,
    -0.10693174950695321,
    0.38131163249382094
  ],
  "bias": 2.6547573894655585,
  "constraints": {
    "buy_price_min": 0.95,
    "buy_price_max": 0.99,
    "buy_min_time_remaining": 5,
    "buy_max_time_remaining": 80,
    "settle_price": 0.99
  },
  "fit_window": {
    "fit_price_min": 0.75,
    "fit_price_max": 0.995,
    "fit_min_time_remaining": 5,
    "fit_max_time_remaining": 120
  },
  "train_metrics": {
    "samples": 505.0,
    "accuracy": 0.9425742574257425,
    "avg_logloss": 0.19743940570547763,
    "buy_rate": 0.5346534653465347,
    "buy_win_rate": 0.9666666666666667,
    "avg_ev_when_buy": 0.07454474961497692
  },
  "test_metrics": {
    "samples": 213.0,
    "accuracy": 0.9859154929577465,
    "avg_logloss": 0.21878448846075627,
    "buy_rate": 0.15492957746478872,
    "buy_win_rate": 1.0,
    "avg_ev_when_buy": 0.03182697492600791
  }
}