{
  "model_file": "backtester/late_profit_model_best.json",
  "start_cash": 100.0,
  "samples": 4305,
  "train_samples": 2982,
  "inner_train_samples": 2345,
  "val_samples": 637,
  "test_samples": 1323,
  "best_train_policy": {
    "ev_min": -0.03,
    "kelly_scale": 0.5,
    "max_frac": 0.08,
    "min_frac": 0.005,
    "max_trades_per_market": 4,
    "cooldown_s": 5,
    "market_budget_frac": 0.35,
    "train": {
      "start_cash": 100.0,
      "end_cash": 226.2603943024438,
      "net_pnl": 126.26039430244381,
      "return_pct": 126.2603943024438,
      "markets": 40.0,
      "trades": 122.0,
      "trades_per_market": 3.05,
      "win_rate": 0.7950819672131147,
      "avg_bet_frac": 0.06232776583488911,
      "avg_bet_usd": 8.835510594135698,
      "max_drawdown_pct": 38.560341911552776
    },
    "val": {
      "start_cash": 100.0,
      "end_cash": 227.70099367107736,
      "net_pnl": 127.70099367107736,
      "return_pct": 127.70099367107734,
      "markets": 11.0,
      "trades": 38.0,
      "trades_per_market": 3.4545454545454546,
      "win_rate": 0.8421052631578947,
      "avg_bet_frac": 0.06815587293271992,
      "avg_bet_usd": 8.09645676947132,
      "max_drawdown_pct": 11.66535524867078
    },
    "score": 226.2603943024438
  },
  "best_test_result": {
    "start_cash": 100.0,
    "end_cash": 113.84954039129873,
    "net_pnl": 13.849540391298731,
    "return_pct": 13.849540391298731,
    "markets": 23.0,
    "trades": 58.0,
    "trades_per_market": 2.5217391304347827,
    "win_rate": 0.7413793103448276,
    "avg_bet_frac": 0.06931094441828999,
    "avg_bet_usd": 7.363714298640547,
    "max_drawdown_pct": 39.434475623798434
  },
  "best_high_turnover_train_policy": {
    "ev_min": -0.03,
    "kelly_scale": 0.5,
    "max_frac": 0.08,
    "min_frac": 0.005,
    "max_trades_per_market": 4,
    "cooldown_s": 5,
    "market_budget_frac": 0.35,
    "train": {
      "start_cash": 100.0,
      "end_cash": 226.2603943024438,
      "net_pnl": 126.26039430244381,
      "return_pct": 126.2603943024438,
      "markets": 40.0,
      "trades": 122.0,
      "trades_per_market": 3.05,
      "win_rate": 0.7950819672131147,
      "avg_bet_frac": 0.06232776583488911,
      "avg_bet_usd": 8.835510594135698,
      "max_drawdown_pct": 38.560341911552776
    },
    "val": {
      "start_cash": 100.0,
      "end_cash": 227.70099367107736,
      "net_pnl": 127.70099367107736,
      "return_pct": 127.70099367107734,
      "markets": 11.0,
      "trades": 38.0,
      "trades_per_market": 3.4545454545454546,
      "win_rate": 0.8421052631578947,
      "avg_bet_frac": 0.06815587293271992,
      "avg_bet_usd": 8.09645676947132,
      "max_drawdown_pct": 11.66535524867078
    },
    "score": 226.2603943024438
  },
  "best_high_turnover_test_result": {
    "start_cash": 100.0,
    "end_cash": 113.84954039129873,
    "net_pnl": 13.849540391298731,
    "return_pct": 13.849540391298731,
    "markets": 23.0,
    "trades": 58.0,
    "trades_per_market": 2.5217391304347827,
    "win_rate": 0.7413793103448276,
    "avg_bet_frac": 0.06931094441828999,
    "avg_bet_usd": 7.363714298640547,
    "max_drawdown_pct": 39.434475623798434
  }
}